{
    "gridSize": 0.20000000298023224,
    "sources": [
        {
            "airAbsorptionHFFactor": -9.999999747378752e-05,
            "airAbsorptionHFIntercept": 0.9940000176429749,
            "decayHFRatioFactor": -0.004999999888241291,
            "decayHFRatioIntercept": 1,
            "decayLFRatioFactor": 0.003000000026077032,
            "decayLFRatioIntercept": 1,
            "decayTimeFactor": 0.30000001192092896,
            "decayTimeIntercept": 0.5,
            "densityFactor": -0.0020000000949949026,
            "densityIntercept": 0.6000000238418579,
            "diffusionFactor": 0.004999999888241291,
            "diffusionIntercept": 0.800000011920929,
            "gainFactor": -0.03999999910593033,
            "gainIntercept": 1.5,
            "lateReverbDelayFactor": 0.0010000000474974513,
            "lateReverbDelayIntercept": 0,
            "lateReverbGainFactor": -0.009999999776482582,
            "lateReverbGainIntercept": 1.7999999523162842,
            "posX": 2119.243896484375,
            "posY": 1490.45751953125,
            "reflectionsDelayFactor": 0.004999999888241291,
            "reflectionsDelayIntercept": 0,
            "reflectionsGainFactor": -0.014999999664723873,
            "reflectionsGainIntercept": 1.2000000476837158,
            "sourceFilePath": "E:/WorkPlace/QT/3D_audio_rebuild/3D_audio/resources/music/test2.wav",
            "sourceName": "source788",
            "volume": 1
        },
        {
            "airAbsorptionHFFactor": -9.999999747378752e-05,
            "airAbsorptionHFIntercept": 0.9940000176429749,
            "decayHFRatioFactor": -0.004999999888241291,
            "decayHFRatioIntercept": 1,
            "decayLFRatioFactor": 0.003000000026077032,
            "decayLFRatioIntercept": 1,
            "decayTimeFactor": 0.30000001192092896,
            "decayTimeIntercept": 0.5,
            "densityFactor": -0.0020000000949949026,
            "densityIntercept": 0.6000000238418579,
            "diffusionFactor": 0.004999999888241291,
            "diffusionIntercept": 0.800000011920929,
            "gainFactor": -0.03999999910593033,
            "gainIntercept": 1.5,
            "lateReverbDelayFactor": 0.0010000000474974513,
            "lateReverbDelayIntercept": 0,
            "lateReverbGainFactor": -0.009999999776482582,
            "lateReverbGainIntercept": 1.7999999523162842,
            "posX": 1834.1314697265625,
            "posY": 1745.2772216796875,
            "reflectionsDelayFactor": 0.004999999888241291,
            "reflectionsDelayIntercept": 0,
            "reflectionsGainFactor": -0.014999999664723873,
            "reflectionsGainIntercept": 1.2000000476837158,
            "sourceFilePath": "E:/WorkPlace/QT/3D_audio_rebuild/3D_audio/resources/music/lia.wav",
            "sourceName": "source19010",
            "volume": 1
        }
    ],
    "walls": [
        {
            "filterGain": 1,
            "filterGainHF": 1,
            "filterGainLF": 1,
            "height": 800,
            "leftTopX": 2500,
            "leftTopY": 2250,
            "width": 1450
        },
        {
            "filterGain": 1,
            "filterGainHF": 1,
            "filterGainLF": 1,
            "height": 1100,
            "leftTopX": 2400,
            "leftTopY": 1050,
            "width": 550
        },
        {
            "filterGain": 1,
            "filterGainHF": 1,
            "filterGainLF": 1,
            "height": 900,
            "leftTopX": 1281.7247314453125,
            "leftTopY": 1561.9073486328125,
            "width": 400
        },
        {
            "filterGain": 1,
            "filterGainHF": 1,
            "filterGainLF": 1,
            "height": 400,
            "leftTopX": 1613.13671875,
            "leftTopY": 991.8358154296875,
            "width": 400
        }
    ]
}
