{
    "gridSize": 0.4000000059604645,
    "sources": [
        {
            "airAbsorptionHFFactor": -9.999999747378752e-05,
            "airAbsorptionHFIntercept": 0.9940000176429749,
            "decayHFRatioFactor": -0.004999999888241291,
            "decayHFRatioIntercept": 1,
            "decayLFRatioFactor": 0.003000000026077032,
            "decayLFRatioIntercept": 1,
            "decayTimeFactor": 0.30000001192092896,
            "decayTimeIntercept": 0.5,
            "densityFactor": -0.0020000000949949026,
            "densityIntercept": 0.6000000238418579,
            "diffusionFactor": 0.004999999888241291,
            "diffusionIntercept": 0.800000011920929,
            "gainFactor": -0.4000000059604645,
            "gainIntercept": 1.5,
            "lateReverbDelayFactor": 0.0010000000474974513,
            "lateReverbDelayIntercept": 0,
            "lateReverbGainFactor": -0.009999999776482582,
            "lateReverbGainIntercept": 1.7999999523162842,
            "posX": 4181.12744140625,
            "posY": 3984.08544921875,
            "reflectionsDelayFactor": 0.004999999888241291,
            "reflectionsDelayIntercept": 0,
            "reflectionsGainFactor": -0.014999999664723873,
            "reflectionsGainIntercept": 1.2000000476837158,
            "sourceFilePath": "E:/WorkPlace/QT/3D_audio_rebuild/3D_audio/resources/music/recouder1.flac",
            "sourceName": "source26712",
            "volume": 1
        },
        {
            "airAbsorptionHFFactor": -0.004999999888241291,
            "airAbsorptionHFIntercept": 0.949999988079071,
            "decayHFRatioFactor": -0.05000000074505806,
            "decayHFRatioIntercept": 1.2000000476837158,
            "decayLFRatioFactor": -0.019999999552965164,
            "decayLFRatioIntercept": 0.8999999761581421,
            "decayTimeFactor": 0.10000000149011612,
            "decayTimeIntercept": 0.5,
            "densityFactor": -0.019999999552965164,
            "densityIntercept": 0.8999999761581421,
            "diffusionFactor": 0.05000000074505806,
            "diffusionIntercept": 0.699999988079071,
            "gainFactor": -0.05000000074505806,
            "gainIntercept": 0.800000011920929,
            "lateReverbDelayFactor": 0.0020000000949949026,
            "lateReverbDelayIntercept": 0.019999999552965164,
            "lateReverbGainFactor": 0.10000000149011612,
            "lateReverbGainIntercept": 3,
            "posX": 4098.8173828125,
            "posY": 4127.74462890625,
            "reflectionsDelayFactor": 0.004999999888241291,
            "reflectionsDelayIntercept": 0.009999999776482582,
            "reflectionsGainFactor": -0.05000000074505806,
            "reflectionsGainIntercept": 1.5,
            "sourceFilePath": "E:/WorkPlace/QT/3D_audio_rebuild/3D_audio/resources/music/lia.mp3",
            "sourceName": "source1",
            "volume": 0.46000000834465027
        },
        {
            "airAbsorptionHFFactor": -0.0010000000474974513,
            "airAbsorptionHFIntercept": 0.9900000095367432,
            "decayHFRatioFactor": 0.009999999776482582,
            "decayHFRatioIntercept": 0.5,
            "decayLFRatioFactor": 0.009999999776482582,
            "decayLFRatioIntercept": 0.699999988079071,
            "decayTimeFactor": 0.05000000074505806,
            "decayTimeIntercept": 0.30000001192092896,
            "densityFactor": -0.009999999776482582,
            "densityIntercept": 0.4000000059604645,
            "diffusionFactor": 0.019999999552965164,
            "diffusionIntercept": 0.30000001192092896,
            "gainFactor": -0.019999999552965164,
            "gainIntercept": 0.8999999761581421,
            "lateReverbDelayFactor": 0.0010000000474974513,
            "lateReverbDelayIntercept": 0.009999999776482582,
            "lateReverbGainFactor": -0.019999999552965164,
            "lateReverbGainIntercept": 0.5,
            "posX": 4327.482421875,
            "posY": 4119.0771484375,
            "reflectionsDelayFactor": 0.0010000000474974513,
            "reflectionsDelayIntercept": 0.004999999888241291,
            "reflectionsGainFactor": -0.009999999776482582,
            "reflectionsGainIntercept": 0.20000000298023224,
            "sourceFilePath": "E:/WorkPlace/QT/3D_audio_rebuild/3D_audio/resources/music/congcong.wav",
            "sourceName": "source2",
            "volume": 0.11999999731779099
        }
    ],
    "walls": [
        {
            "filterGain": 1,
            "filterGainHF": 1,
            "filterGainLF": 1,
            "height": 350,
            "leftTopX": 3800,
            "leftTopY": 4000,
            "width": 50
        },
        {
            "filterGain": 1,
            "filterGainHF": 1,
            "filterGainLF": 1,
            "height": 50,
            "leftTopX": 3800,
            "leftTopY": 4350,
            "width": 450
        },
        {
            "filterGain": 0.800000011920929,
            "filterGainHF": 0,
            "filterGainLF": 0.07000000029802322,
            "height": 350,
            "leftTopX": 4550,
            "leftTopY": 4050,
            "width": 50
        },
        {
            "filterGain": 1,
            "filterGainHF": 1,
            "filterGainLF": 1,
            "height": 50,
            "leftTopX": 3850,
            "leftTopY": 3850,
            "width": 450
        }
    ]
}
